Density,Temperature
0.55,0.0
0.6,0.0
0.61,0.0
0.62,0.0
0.63,0.5110029487786232
0.64,0.7415138107469433
0.65,0.8249127515763371
0.7,1.1041534005725677
0.8,1.557892295532282
0.9,1.9475460455190716
1.0,2.3142992851837723
