Neurons,Temperature
1.0,0.0
2.0,0.0
4.0,1.8287232837204512
8.0,2.3945805747387237
16.0,2.4134833012913837
32.0,2.3926090209507107
64.0,2.443006805928183
128.0,2.391704896533589
256.0,2.3100364021810003
512.0,2.309800264523148
