Density,Temperature
0.55,0.5266666666666667
0.6,0.6
0.61,1.0866666666666667
0.62,1.0733333333333333
0.63,0.9533333333333333
0.64,0.8533333333333334
0.65,0.8733333333333334
0.7,1.0866666666666667
0.8,1.5266666666666666
0.9,1.9266666666666665
1.0,2.313333333333333
