Neurons,Temperature
1.0,4.799568394544163
2.0,4.9570634387651475
3.0,0.0
4.0,0.0
5.0,0.0
6.0,0.0
7.0,0.0
8.0,0.0
9.0,0.0
10.0,0.0
20.0,0.0
40.0,0.0
60.0,0.0
80.0,0.0
100.0,0.0
150.0,0.0
200.0,0.0
250.0,0.0
300.0,0.0
350.0,0.0
400.0,0.0
450.0,0.0
500.0,0.0
550.0,0.0
600.0,0.0
650.0,0.0
700.0,0.0
750.0,0.0
800.0,0.0
850.0,0.0
900.0,0.0
950.0,0.0
1000.0,0.0
